entry_time,exit_time,direction,entry,exit,sl,tp,r,reason,bars
2020-02-10 13:30:00+00:00,2020-02-10 13:45:00+00:00,-1,1.09462,1.09317625,1.0951974999999998,1.09317625,2.30952380952416,vwap_bounce_short,1
2020-02-19 13:30:00+00:00,2020-02-19 19:30:00+00:00,-1,1.07907,1.07994,1.07994,1.0768950000000002,-1.1264367816092062,vwap_bounce_short,24
2020-03-03 15:00:00+00:00,2020-03-03 16:15:00+00:00,1,1.11758,1.115,1.115,1.1240299999999999,-1.042635658914728,vwap_bounce_long,5
2020-03-09 14:00:00+00:00,2020-03-09 22:00:00+00:00,1,1.143,1.14544,1.139055,1.1528625000000001,0.5906210392902272,vwap_bounce_long,32
2020-04-20 12:45:00+00:00,2020-04-20 14:00:00+00:00,-1,1.08615,1.0875675,1.0875675,1.0826062499999998,-1.0776014109347405,vwap_bounce_short,5
2020-09-23 13:45:00+00:00,2020-09-23 21:45:00+00:00,-1,1.16824,1.16589,1.1697549999999999,1.1644525000000001,1.4785478547854465,vwap_bounce_short,32
2020-10-01 13:30:00+00:00,2020-10-01 14:15:00+00:00,1,1.1745700000000001,1.1728075,1.1728075,1.1789762500000003,-1.0624113475177266,vwap_bounce_long,3
2020-11-10 15:30:00+00:00,2020-11-10 23:30:00+00:00,-1,1.18129,1.18171,1.1834339285714286,1.1759301785714285,-0.247209728469131,vwap_bounce_short,32
2020-11-25 14:30:00+00:00,2020-11-25 22:30:00+00:00,1,1.1907400000000001,1.19152,1.1893460714285715,1.1942248214285716,0.48065590571338135,vwap_bounce_long,32
2020-11-30 13:00:00+00:00,2020-11-30 15:00:00+00:00,1,1.19805,1.200075,1.19724,1.200075,2.364197530864194,vwap_bounce_long,8
2020-12-30 14:45:00+00:00,2020-12-30 16:45:00+00:00,1,1.22977,1.2280139285714287,1.2280139285714287,1.2341601785714287,-1.0626398210290848,vwap_bounce_long,8
2021-03-24 13:00:00+00:00,2021-03-24 15:30:00+00:00,-1,1.18239,1.1834432142857143,1.1834432142857143,1.1797569642857142,-1.1044421837911187,vwap_bounce_short,10
2021-03-26 12:45:00+00:00,2021-03-26 13:00:00+00:00,-1,1.1775,1.1784021428571427,1.1784021428571427,1.175244642857143,-1.121931908155202,vwap_bounce_short,1
2021-04-13 12:30:00+00:00,2021-04-13 20:30:00+00:00,1,1.19275,1.195,1.1912060714285715,1.1966098214285714,1.386074485311257,vwap_bounce_long,32
2021-04-28 13:15:00+00:00,2021-04-28 14:00:00+00:00,-1,1.20665,1.2077192857142858,1.2077192857142858,1.2039767857142856,-1.1028724114896404,vwap_bounce_short,3
2021-05-04 15:00:00+00:00,2021-05-04 16:00:00+00:00,-1,1.20069,1.2022232142857143,1.2022232142857143,1.1968569642857145,-1.071744700675518,vwap_bounce_short,4
2021-05-17 14:15:00+00:00,2021-05-17 22:15:00+00:00,1,1.21499,1.21536,1.213709642857143,1.2181908928571428,0.20306834030684,vwap_bounce_long,32
2021-06-08 13:00:00+00:00,2021-06-08 13:30:00+00:00,1,1.2183000000000002,1.2173260714285716,1.2173260714285716,1.2207348214285716,-1.112944627796118,vwap_bounce_long,2
2021-06-16 12:30:00+00:00,2021-06-16 18:00:00+00:00,-1,1.2120499999999998,1.2102017857142855,1.2127892857142855,1.2102017857142855,2.3512077294690283,vwap_bounce_short,22
2021-07-16 13:30:00+00:00,2021-07-16 16:00:00+00:00,-1,1.1802,1.1812317857142856,1.1812317857142856,1.1776205357142857,-1.1066112841813855,vwap_bounce_short,10
2021-09-03 12:45:00+00:00,2021-09-03 13:30:00+00:00,1,1.18922,1.1878571428571427,1.1878571428571427,1.1926271428571429,-1.0807127882599534,vwap_bounce_long,3
2021-11-22 14:00:00+00:00,2021-11-22 14:45:00+00:00,-1,1.12513,1.1263964285714285,1.1263964285714285,1.1219639285714285,-1.086858432036098,vwap_bounce_short,3
2021-12-30 14:30:00+00:00,2021-12-30 15:45:00+00:00,1,1.13272,1.1310925,1.1310925,1.1367887499999998,-1.0675883256528462,vwap_bounce_long,5
2022-01-06 13:45:00+00:00,2022-01-06 15:45:00+00:00,1,1.13133,1.1300185714285713,1.1300185714285713,1.1346085714285714,-1.0838779956426978,vwap_bounce_long,8
2022-02-07 13:45:00+00:00,2022-02-07 14:00:00+00:00,1,1.14408,1.142775,1.142775,1.1473425,-1.0842911877394708,vwap_bounce_long,1
2022-02-17 13:30:00+00:00,2022-02-17 13:45:00+00:00,1,1.13652,1.135187142857143,1.135187142857143,1.1398521428571426,-1.0825294748124403,vwap_bounce_long,1
2022-05-30 13:00:00+00:00,2022-05-30 21:00:00+00:00,1,1.07607,1.0778,1.0748903571428572,1.0790191071428572,1.3732970027247617,vwap_bounce_long,32
2022-06-23 15:15:00+00:00,2022-06-23 23:15:00+00:00,-1,1.05137,1.05277,1.0541835714285712,1.0443360714285714,-0.5366844376745845,vwap_bounce_short,32
2022-06-27 13:00:00+00:00,2022-06-27 21:00:00+00:00,1,1.0584900000000002,1.05835,1.0569182142857145,1.0624194642857143,-0.1590547602819231,vwap_bounce_long,32
2022-07-25 15:30:00+00:00,2022-07-25 23:30:00+00:00,1,1.02189,1.022,1.0197889285714286,1.0271426785714286,2.5936629737336186e-14,vwap_bounce_long,32
2022-10-07 12:30:00+00:00,2022-10-07 14:15:00+00:00,-1,0.9752,0.9771532142857143,0.9771532142857143,0.9703169642857141,-1.0563174254891177,vwap_bounce_short,7
2022-10-12 15:30:00+00:00,2022-10-12 18:00:00+00:00,-1,0.96956,0.9718667857142856,0.9718667857142856,0.9637930357142858,-1.0476854002167528,vwap_bounce_short,10
2022-11-23 13:45:00+00:00,2022-11-23 14:45:00+00:00,1,1.03328,1.0373112500000001,1.0316675,1.0373112500000001,2.431782945736504,vwap_bounce_long,4
2023-01-12 15:00:00+00:00,2023-01-12 23:00:00+00:00,1,1.07948,1.0849,1.0747914285714286,1.0912014285714287,1.132541133455219,vwap_bounce_long,32
2023-01-31 12:30:00+00:00,2023-01-31 13:30:00+00:00,-1,1.08287,1.0840432142857144,1.0840432142857144,1.0799369642857142,-1.093759512937588,vwap_bounce_short,4
2023-02-16 13:30:00+00:00,2023-02-16 21:30:00+00:00,-1,1.06873,1.06716,1.0701560714285714,1.0651648214285714,1.023791635361777,vwap_bounce_short,32
2023-02-21 14:45:00+00:00,2023-02-21 15:00:00+00:00,-1,1.06473,1.0662075,1.0662075,1.06103625,-1.074450084602368,vwap_bounce_short,1
2023-04-28 13:30:00+00:00,2023-04-28 14:15:00+00:00,-1,1.0994599999999999,1.1014164285714285,1.1014164285714285,1.0945689285714284,-1.0562248995983916,vwap_bounce_short,3
2023-06-13 12:30:00+00:00,2023-06-13 13:00:00+00:00,1,1.08154,1.0803839285714285,1.0803839285714285,1.0844301785714285,-1.0951498300895885,vwap_bounce_long,2
2023-08-16 13:45:00+00:00,2023-08-16 14:00:00+00:00,-1,1.09076,1.0921132142857142,1.0921132142857142,1.0873769642857143,-1.081287938770128,vwap_bounce_short,1
2023-09-06 14:00:00+00:00,2023-09-06 22:00:00+00:00,-1,1.07193,1.07261,1.0731642857142858,1.0688442857142857,-0.6400462962962925,vwap_bounce_short,32
2023-09-18 13:45:00+00:00,2023-09-18 14:15:00+00:00,-1,1.0661,1.0670342857142858,1.0670342857142858,1.063764285714286,-1.1177370030580962,vwap_bounce_short,2
2023-10-03 15:00:00+00:00,2023-10-03 23:00:00+00:00,-1,1.04632,1.04649,1.048387857142857,1.041150357142857,-0.13540587219343642,vwap_bounce_short,32
2023-11-28 13:15:00+00:00,2023-11-28 15:30:00+00:00,1,1.0961,1.0989044642857144,1.0949782142857143,1.0989044642857144,2.4019420566697574,vwap_bounce_long,9
2023-12-05 14:00:00+00:00,2023-12-05 15:00:00+00:00,-1,1.08205,1.0830967857142857,1.0830967857142857,1.0794330357142856,-1.1050835892186945,vwap_bounce_short,4
2024-02-02 13:00:00+00:00,2024-02-02 13:30:00+00:00,1,1.08861,1.087749642857143,1.087749642857143,1.0907608928571428,-1.127853881278538,vwap_bounce_long,2
2024-03-04 13:45:00+00:00,2024-03-04 21:45:00+00:00,1,1.08498,1.08549,1.0842375,1.0868362500000002,0.5387205387204872,vwap_bounce_long,32
2024-04-15 13:15:00+00:00,2024-04-15 21:15:00+00:00,-1,1.0644099999999999,1.06237,1.0656067857142855,1.0614180357142855,1.61265293942106,vwap_bounce_short,32
2024-05-15 12:30:00+00:00,2024-05-15 13:00:00+00:00,1,1.0864800000000001,1.0853925000000002,1.0853925000000002,1.08919875,-1.101149425287365,vwap_bounce_long,2
2024-10-03 14:00:00+00:00,2024-10-03 22:00:00+00:00,-1,1.10258,1.10334,1.1038325,1.0994487499999999,-0.6946107784431329,vwap_bounce_short,32
2024-12-19 15:30:00+00:00,2024-12-19 23:30:00+00:00,-1,1.0387899999999999,1.03625,1.0405182142857141,1.034469464285714,1.4060756354619053,vwap_bounce_short,32
2025-01-15 12:00:00+00:00,2025-01-15 12:45:00+00:00,1,1.03057,1.0296035714285714,1.0296035714285714,1.0329860714285715,-1.11382113821138,vwap_bounce_long,3
2025-02-10 15:45:00+00:00,2025-02-10 23:45:00+00:00,-1,1.03139,1.03005,1.0323585714285715,1.0289685714285712,1.2699115044248999,vwap_bounce_short,32
2025-04-16 12:15:00+00:00,2025-04-16 19:15:00+00:00,1,1.1356300000000001,1.141056785714286,1.1334592857142858,1.141056785714286,2.4493254359986345,vwap_bounce_long,28
2025-04-23 13:45:00+00:00,2025-04-23 14:00:00+00:00,-1,1.1332499999999999,1.1358857142857142,1.1358857142857142,1.1266607142857141,-1.0417344173441732,vwap_bounce_short,1
2025-05-28 14:45:00+00:00,2025-05-28 22:45:00+00:00,-1,1.1300999999999999,1.12912,1.1318732142857142,1.125666964285714,0.49063444108759624,vwap_bounce_short,32
2025-06-24 12:30:00+00:00,2025-06-24 13:00:00+00:00,1,1.1607100000000001,1.1594414285714287,1.1594414285714287,1.1638814285714287,-1.086711711711714,vwap_bounce_long,2
2025-10-07 15:45:00+00:00,2025-10-07 23:45:00+00:00,-1,1.16717,1.16526,1.1683303571428572,1.1642691071428573,1.5512465373962254,vwap_bounce_short,32
2025-10-10 14:15:00+00:00,2025-10-10 14:45:00+00:00,-1,1.15665,1.1578639285714285,1.1578639285714285,1.1536151785714286,-1.0906148867313936,vwap_bounce_short,2
2025-10-24 12:30:00+00:00,2025-10-24 12:45:00+00:00,1,1.16432,1.1631232142857142,1.1631232142857142,1.1673119642857144,-1.09191286183228,vwap_bounce_long,1
2026-01-09 13:45:00+00:00,2026-01-09 21:45:00+00:00,-1,1.16439,1.16298,1.1654571428571427,1.161722142857143,1.2182061579654857,vwap_bounce_short,32
2026-04-15 13:45:00+00:00,2026-04-15 21:45:00+00:00,1,1.17889,1.17968,1.1776953571428572,1.181876607142857,0.569207772795316,vwap_bounce_long,32
2026-04-29 15:00:00+00:00,2026-04-29 18:30:00+00:00,-1,1.16937,1.1665735714285714,1.1704885714285715,1.1665735714285714,2.401660280970436,vwap_bounce_short,14
2026-06-25 12:45:00+00:00,2026-06-25 13:15:00+00:00,-1,1.13523,1.1363721428571427,1.1363721428571427,1.1323746428571428,-1.096310193871178,vwap_bounce_short,2
